file_full_path,file_base_name,parsed_designation,parsed_product_name,parsed_commercial_measure,parsed_accessory_text,parsed_line,parsed_special_label,match_count,matched_reference_id,matched_family_code,matched_reference_code,existing_isometric_asset_id,existing_isometric_path,action,notes
C:\Users\oswaldo.rivera\FIRPLAK SA\FIRPLAK - I+D - Documentos\Documentos técnicos productos\Proyecto IA - Documentacion automatica\Isometricos\Muebles VBAN\Kit mueble elevado basico 48x38 - LVM Eco 48x38CM.svg,Kit mueble elevado basico 48x38 - LVM Eco 48x38CM,ELEVADO,basico,48X38,NA,NA,NA,3,3cfd4665-0903-4f7e-bf75-f469580aea69,BAN05,0121,,,WOULD_APPLY,mode=special_label_base_accessory_filter; would_update_refs=3; would_overwrite_refs=3; would_skip_refs=0
C:\Users\oswaldo.rivera\FIRPLAK SA\FIRPLAK - I+D - Documentos\Documentos técnicos productos\Proyecto IA - Documentacion automatica\Isometricos\Muebles VBAN\Mueble a piso Básico LVM 124X48 con manijas.svg,Mueble a piso Básico LVM 124X48 con manijas,A PISO,Básico,124X48,CON MANIJAS,NA,NA,1,93e4c896-a18c-4d0d-91e2-fa7073241753,BAN05,0061,,,WOULD_APPLY,mode=special_label_base_single_accessory; would_update_refs=1; would_overwrite_refs=1; would_skip_refs=0
C:\Users\oswaldo.rivera\FIRPLAK SA\FIRPLAK - I+D - Documentos\Documentos técnicos productos\Proyecto IA - Documentacion automatica\Isometricos\Muebles VBAN\Mueble a piso Básico LVM 40X30 con manijas.svg,Mueble a piso Básico LVM 40X30 con manijas,A PISO,Básico,40X30,CON MANIJAS,NA,NA,3,186503ab-aac5-44cc-8b7b-a810296125a9,BAN05,0108,,,WOULD_APPLY,mode=special_label_base_accessory_filter; would_update_refs=3; would_overwrite_refs=3; would_skip_refs=0
C:\Users\oswaldo.rivera\FIRPLAK SA\FIRPLAK - I+D - Documentos\Documentos técnicos productos\Proyecto IA - Documentacion automatica\Isometricos\Muebles VBAN\Mueble a piso Básico LVM 40X30 sin manijas.svg,Mueble a piso Básico LVM 40X30 sin manijas,A PISO,Básico,40X30,NA,NA,NA,1,aa5d1a9d-5c9f-4599-9fa7-b238ad3eaa75,BAN05,0111,,,WOULD_APPLY,mode=special_label_base_accessory_filter; would_update_refs=1; would_overwrite_refs=1; would_skip_refs=0
C:\Users\oswaldo.rivera\FIRPLAK SA\FIRPLAK - I+D - Documentos\Documentos técnicos productos\Proyecto IA - Documentacion automatica\Isometricos\Muebles VBAN\Mueble a piso Básico LVM 48x38 con manija negra.svg,Mueble a piso Básico LVM 48x38 con manija negra,A PISO,Básico,48X38,CON MANIJAS,NA,NA,2,620a9cf4-51a6-4884-a2ef-eb95a39299b4,BAN05,0002,,,WOULD_APPLY,mode=special_label_base_accessory_filter; would_update_refs=2; would_overwrite_refs=2; would_skip_refs=0
C:\Users\oswaldo.rivera\FIRPLAK SA\FIRPLAK - I+D - Documentos\Documentos técnicos productos\Proyecto IA - Documentacion automatica\Isometricos\Muebles VBAN\Mueble a piso Básico LVM 48x38 con manijas.svg,Mueble a piso Básico LVM 48x38 con manijas,A PISO,Básico,48X38,CON MANIJAS,NA,NA,2,620a9cf4-51a6-4884-a2ef-eb95a39299b4,BAN05,0002,,,WOULD_APPLY,mode=special_label_base_accessory_filter; would_update_refs=2; would_overwrite_refs=2; would_skip_refs=0
C:\Users\oswaldo.rivera\FIRPLAK SA\FIRPLAK - I+D - Documentos\Documentos técnicos productos\Proyecto IA - Documentacion automatica\Isometricos\Muebles VBAN\Mueble a piso Básico LVM 48X43 con manijas.svg,Mueble a piso Básico LVM 48X43 con manijas,A PISO,Básico,48X43,CON MANIJAS,NA,NA,1,e528e938-673a-4a9d-a7be-fb81a1f71e61,BAN05,0110,,,WOULD_APPLY,mode=special_label_base_single_accessory; would_update_refs=1; would_overwrite_refs=1; would_skip_refs=0
C:\Users\oswaldo.rivera\FIRPLAK SA\FIRPLAK - I+D - Documentos\Documentos técnicos productos\Proyecto IA - Documentacion automatica\Isometricos\Muebles VBAN\Mueble a piso Básico LVM 63x48 con manijas.svg,Mueble a piso Básico LVM 63x48 con manijas,A PISO,Básico,63X48,CON MANIJAS,NA,NA,3,4aa70d97-c24c-4675-8faf-88a0a7eaedc3,BAN05,0092,,,WOULD_APPLY,mode=special_label_base_single_accessory; would_update_refs=3; would_overwrite_refs=3; would_skip_refs=0
C:\Users\oswaldo.rivera\FIRPLAK SA\FIRPLAK - I+D - Documentos\Documentos técnicos productos\Proyecto IA - Documentacion automatica\Isometricos\Muebles VBAN\Mueble a piso Básico LVM 63X48 manija negra.svg,Mueble a piso Básico LVM 63X48 manija negra,A PISO,Básico,63X48,manija negra,NA,NA,3,4aa70d97-c24c-4675-8faf-88a0a7eaedc3,BAN05,0092,,,WOULD_APPLY,mode=special_label_base_single_accessory; would_update_refs=3; would_overwrite_refs=3; would_skip_refs=0
C:\Users\oswaldo.rivera\FIRPLAK SA\FIRPLAK - I+D - Documentos\Documentos técnicos productos\Proyecto IA - Documentacion automatica\Isometricos\Muebles VBAN\Mueble a piso Básico LVM 79x48 con manija.svg,Mueble a piso Básico LVM 79x48 con manija,A PISO,Básico,79X48,CON MANIJAS,NA,NA,2,2ca71341-4991-460c-95ec-805f98c1cb1f,BAN05,0099,,,WOULD_APPLY,mode=special_label_base_single_accessory; would_update_refs=2; would_overwrite_refs=2; would_skip_refs=0
C:\Users\oswaldo.rivera\FIRPLAK SA\FIRPLAK - I+D - Documentos\Documentos técnicos productos\Proyecto IA - Documentacion automatica\Isometricos\Muebles VBAN\Mueble a piso Básico LVM 79x48 con manijas.svg,Mueble a piso Básico LVM 79x48 con manijas,A PISO,Básico,79X48,CON MANIJAS,NA,NA,2,2ca71341-4991-460c-95ec-805f98c1cb1f,BAN05,0099,,,WOULD_APPLY,mode=special_label_base_single_accessory; would_update_refs=2; would_overwrite_refs=2; would_skip_refs=0
C:\Users\oswaldo.rivera\FIRPLAK SA\FIRPLAK - I+D - Documentos\Documentos técnicos productos\Proyecto IA - Documentacion automatica\Isometricos\Muebles VBAN\Mueble a piso Básico LVM 94x48 con manija.svg,Mueble a piso Básico LVM 94x48 con manija,A PISO,Básico,94X48,CON MANIJAS,NA,NA,2,418e2d7c-dd01-46e9-83b3-d13fcd5c1ec6,BAN05,0101,,,WOULD_APPLY,mode=special_label_base_single_accessory; would_update_refs=2; would_overwrite_refs=2; would_skip_refs=0
C:\Users\oswaldo.rivera\FIRPLAK SA\FIRPLAK - I+D - Documentos\Documentos técnicos productos\Proyecto IA - Documentacion automatica\Isometricos\Muebles VBAN\Mueble a piso Eurocaribe LVM 44.5X43.5.svg,Mueble a piso Eurocaribe LVM 44.5X43.5,A PISO,Eurocaribe,44.5X43.5,NA,NA,NA,1,55d0747b-a2af-424c-9408-4164f36bd7fc,BAN05,0138,,,WOULD_APPLY,mode=special_label_base_single_accessory; would_update_refs=1; would_overwrite_refs=1; would_skip_refs=0
C:\Users\oswaldo.rivera\FIRPLAK SA\FIRPLAK - I+D - Documentos\Documentos técnicos productos\Proyecto IA - Documentacion automatica\Isometricos\Muebles VBAN\Mueble a piso Otus LVM 63X48.svg,Mueble a piso Otus LVM 63X48,A PISO,Otus,63X48,NA,NA,NA,2,c74c1a36-0e91-4ade-aa4e-782d61166bfe,BAN12,0087,,,WOULD_APPLY,mode=special_label_base_single_accessory; would_update_refs=2; would_overwrite_refs=1; would_skip_refs=0
C:\Users\oswaldo.rivera\FIRPLAK SA\FIRPLAK - I+D - Documentos\Documentos técnicos productos\Proyecto IA - Documentacion automatica\Isometricos\Muebles VBAN\Mueble a piso Valdez LVM 48x43.svg,Mueble a piso Valdez LVM 48x43,A PISO,Valdez,48X43,NA,NA,NA,3,cff9c5dd-b254-4803-b600-752bd437baca,BAN05,0039,,,WOULD_APPLY,mode=special_label_base_single_accessory; would_update_refs=3; would_overwrite_refs=2; would_skip_refs=0
C:\Users\oswaldo.rivera\FIRPLAK SA\FIRPLAK - I+D - Documentos\Documentos técnicos productos\Proyecto IA - Documentacion automatica\Isometricos\Muebles VBAN\Mueble a piso Valdez LVM 63x48.svg,Mueble a piso Valdez LVM 63x48,A PISO,Valdez,63X48,NA,NA,NA,3,aa47233a-a9bc-40c1-89b1-67f41a26068f,BAN05,0117,,,WOULD_APPLY,mode=special_label_base_single_accessory; would_update_refs=3; would_overwrite_refs=2; would_skip_refs=0
C:\Users\oswaldo.rivera\FIRPLAK SA\FIRPLAK - I+D - Documentos\Documentos técnicos productos\Proyecto IA - Documentacion automatica\Isometricos\Muebles VBAN\Mueble a piso Vega LVM 63X48.svg,Mueble a piso Vega LVM 63X48,A PISO,Vega,63X48,NA,NA,NA,1,1e11e955-22c2-4832-9887-9d1994e9f2b5,BAN05,0132,,,WOULD_APPLY,mode=special_label_base_single_accessory; would_update_refs=1; would_overwrite_refs=1; would_skip_refs=0
C:\Users\oswaldo.rivera\FIRPLAK SA\FIRPLAK - I+D - Documentos\Documentos técnicos productos\Proyecto IA - Documentacion automatica\Isometricos\Muebles VBAN\Mueble elevado Básico LVM 122X47 sin manijas.svg,Mueble elevado Básico LVM 122X47 sin manijas,ELEVADO,Básico,122X47,NA,NA,NA,1,40eda6a7-9e1a-4b36-866f-8ef8dbbb3af4,BAN24,0016,,,WOULD_APPLY,mode=special_label_base_single_accessory; would_update_refs=1; would_overwrite_refs=0; would_skip_refs=0
C:\Users\oswaldo.rivera\FIRPLAK SA\FIRPLAK - I+D - Documentos\Documentos técnicos productos\Proyecto IA - Documentacion automatica\Isometricos\Muebles VBAN\Mueble elevado Básico LVM 40X30 con manijas.svg,Mueble elevado Básico LVM 40X30 con manijas,ELEVADO,Básico,40X30,CON MANIJAS,NA,NA,1,7d126220-fedb-4f85-939d-3604fe38a9fc,BAN05,0113,,,WOULD_APPLY,mode=special_label_base_accessory_filter; would_update_refs=1; would_overwrite_refs=1; would_skip_refs=0
C:\Users\oswaldo.rivera\FIRPLAK SA\FIRPLAK - I+D - Documentos\Documentos técnicos productos\Proyecto IA - Documentacion automatica\Isometricos\Muebles VBAN\Mueble elevado Básico LVM 40X30 sin manijas.svg,Mueble elevado Básico LVM 40X30 sin manijas,ELEVADO,Básico,40X30,NA,NA,NA,2,ef14323d-55aa-47c6-97b8-2286bd49c2e8,BAN05,0112,,,WOULD_APPLY,mode=special_label_base_accessory_filter; would_update_refs=2; would_overwrite_refs=2; would_skip_refs=0
C:\Users\oswaldo.rivera\FIRPLAK SA\FIRPLAK - I+D - Documentos\Documentos técnicos productos\Proyecto IA - Documentacion automatica\Isometricos\Muebles VBAN\Mueble elevado Básico LVM 48X38 con manija.svg,Mueble elevado Básico LVM 48X38 con manija,ELEVADO,Básico,48X38,CON MANIJAS,NA,NA,6,6d48d031-b645-4df6-97ec-7920829deadc,BAN05,0022,,,WOULD_APPLY,mode=special_label_base_accessory_filter; would_update_refs=6; would_overwrite_refs=6; would_skip_refs=0
C:\Users\oswaldo.rivera\FIRPLAK SA\FIRPLAK - I+D - Documentos\Documentos técnicos productos\Proyecto IA - Documentacion automatica\Isometricos\Muebles VBAN\Mueble elevado Básico LVM 48X38 sin manijas.svg,Mueble elevado Básico LVM 48X38 sin manijas,ELEVADO,Básico,48X38,NA,NA,NA,3,3cfd4665-0903-4f7e-bf75-f469580aea69,BAN05,0121,,,WOULD_APPLY,mode=special_label_base_accessory_filter; would_update_refs=3; would_overwrite_refs=3; would_skip_refs=0
C:\Users\oswaldo.rivera\FIRPLAK SA\FIRPLAK - I+D - Documentos\Documentos técnicos productos\Proyecto IA - Documentacion automatica\Isometricos\Muebles VBAN\Mueble elevado Básico LVM 48X43 con manijas.svg,Mueble elevado Básico LVM 48X43 con manijas,ELEVADO,Básico,48X43,CON MANIJAS,NA,NA,3,af4ab244-ea47-4c98-b9e3-b28ae6ac5cf9,BAN05,0079,,,WOULD_APPLY,mode=special_label_base_accessory_filter; would_update_refs=3; would_overwrite_refs=3; would_skip_refs=0
C:\Users\oswaldo.rivera\FIRPLAK SA\FIRPLAK - I+D - Documentos\Documentos técnicos productos\Proyecto IA - Documentacion automatica\Isometricos\Muebles VBAN\Mueble elevado Básico LVM 48x43 sin manijas.svg,Mueble elevado Básico LVM 48x43 sin manijas,ELEVADO,Básico,48X43,NA,NA,NA,5,7f2a924f-9dac-47f1-9260-f64dee3bf4b2,BAN05,0120,,,WOULD_APPLY,mode=special_label_base_accessory_filter; would_update_refs=5; would_overwrite_refs=5; would_skip_refs=0
C:\Users\oswaldo.rivera\FIRPLAK SA\FIRPLAK - I+D - Documentos\Documentos técnicos productos\Proyecto IA - Documentacion automatica\Isometricos\Muebles VBAN\Mueble elevado Básico LVM 63X48 con manijas.svg,Mueble elevado Básico LVM 63X48 con manijas,ELEVADO,Básico,63X48,CON MANIJAS,NA,NA,3,5a557701-f0e3-4141-9c6c-fb24058b2c8d,BAN05,0010,,,WOULD_APPLY,mode=special_label_base_accessory_filter; would_update_refs=3; would_overwrite_refs=3; would_skip_refs=0
C:\Users\oswaldo.rivera\FIRPLAK SA\FIRPLAK - I+D - Documentos\Documentos técnicos productos\Proyecto IA - Documentacion automatica\Isometricos\Muebles VBAN\Mueble elevado Básico LVM 63X48 puerta shaker.svg,Mueble elevado Básico LVM 63X48 puerta shaker,ELEVADO,Básico,63X48,NA,NA,PUERTA SHAKER,1,1b108bc5-092b-4383-b125-81a15716ab51,BAN05,0131,,,WOULD_APPLY,mode=special_label_base_single_accessory; would_update_refs=1; would_overwrite_refs=1; would_skip_refs=0
C:\Users\oswaldo.rivera\FIRPLAK SA\FIRPLAK - I+D - Documentos\Documentos técnicos productos\Proyecto IA - Documentacion automatica\Isometricos\Muebles VBAN\Mueble elevado Básico LVM 63X48 sin manijas.svg,Mueble elevado Básico LVM 63X48 sin manijas,ELEVADO,Básico,63X48,NA,NA,NA,4,dd4511b3-d6b9-4df7-9d91-44084b39fca8,BAN05,0123,,,WOULD_APPLY,mode=special_label_base_accessory_filter; would_update_refs=4; would_overwrite_refs=4; would_skip_refs=0
C:\Users\oswaldo.rivera\FIRPLAK SA\FIRPLAK - I+D - Documentos\Documentos técnicos productos\Proyecto IA - Documentacion automatica\Isometricos\Muebles VBAN\Mueble elevado Básico LVM 79x48 con manijas.svg,Mueble elevado Básico LVM 79x48 con manijas,ELEVADO,Básico,79X48,CON MANIJAS,NA,NA,1,120d4b24-8836-4376-961c-c408fc52a6ed,BAN05,0032,,,WOULD_APPLY,mode=special_label_base_accessory_filter; would_update_refs=1; would_overwrite_refs=1; would_skip_refs=0
C:\Users\oswaldo.rivera\FIRPLAK SA\FIRPLAK - I+D - Documentos\Documentos técnicos productos\Proyecto IA - Documentacion automatica\Isometricos\Muebles VBAN\Mueble elevado Básico LVM 79X48 sin manijas.svg,Mueble elevado Básico LVM 79X48 sin manijas,ELEVADO,Básico,79X48,NA,NA,NA,4,c3f1e8ba-d468-4614-b464-8cda3eb401b8,BAN05,0107,,,WOULD_APPLY,mode=special_label_base_accessory_filter; would_update_refs=4; would_overwrite_refs=4; would_skip_refs=0
C:\Users\oswaldo.rivera\FIRPLAK SA\FIRPLAK - I+D - Documentos\Documentos técnicos productos\Proyecto IA - Documentacion automatica\Isometricos\Muebles VBAN\Mueble elevado Calder LVM 48X43 sin manijas.svg,Mueble elevado Calder LVM 48X43 sin manijas,ELEVADO,Calder,48X43,NA,NA,NA,2,3a26e977-7862-4d2a-b6e6-d726b74bcefd,BAN05,0139,,,WOULD_APPLY,mode=special_label_base_single_accessory; would_update_refs=2; would_overwrite_refs=2; would_skip_refs=0
C:\Users\oswaldo.rivera\FIRPLAK SA\FIRPLAK - I+D - Documentos\Documentos técnicos productos\Proyecto IA - Documentacion automatica\Isometricos\Muebles VBAN\Mueble elevado Da Vinci LVM 48X43.svg,Mueble elevado Da Vinci LVM 48X43,ELEVADO,DA VINCI,48X43,NA,NA,NA,0,,,,,,NO_MATCH,raw_parts=Mueble elevado Da Vinci LVM | 48X43 | 
C:\Users\oswaldo.rivera\FIRPLAK SA\FIRPLAK - I+D - Documentos\Documentos técnicos productos\Proyecto IA - Documentacion automatica\Isometricos\Muebles VBAN\Mueble elevado Eurocaribe LVM 44.5X43.5CM sin manijas.svg,Mueble elevado Eurocaribe LVM 44.5X43.5CM sin manijas,ELEVADO,Eurocaribe,44.5X43.5,NA,NA,NA,1,8130f2c3-52d3-43c5-8284-7e95fd85b1de,BAN05,0137,,,WOULD_APPLY,mode=special_label_base_single_accessory; would_update_refs=1; would_overwrite_refs=1; would_skip_refs=0
C:\Users\oswaldo.rivera\FIRPLAK SA\FIRPLAK - I+D - Documentos\Documentos técnicos productos\Proyecto IA - Documentacion automatica\Isometricos\Muebles VBAN\Mueble elevado Greco class LVM 124x48.svg,Mueble elevado Greco class LVM 124x48,ELEVADO,Greco,124X48,NA,CLASS,NA,3,0b06220d-55ff-4320-9061-92cffd44cf45,BAN12,0011,,,WOULD_APPLY,mode=extended_base_single_accessory; would_update_refs=3; would_overwrite_refs=3; would_skip_refs=0
C:\Users\oswaldo.rivera\FIRPLAK SA\FIRPLAK - I+D - Documentos\Documentos técnicos productos\Proyecto IA - Documentacion automatica\Isometricos\Muebles VBAN\Mueble elevado Greco class LVM 63x48.svg,Mueble elevado Greco class LVM 63x48,ELEVADO,Greco,63X48,NA,CLASS,NA,3,600b69ac-6bbf-45d9-8350-4da825c4a035,BAN22,0005,,,WOULD_APPLY,mode=extended_base_single_accessory; would_update_refs=3; would_overwrite_refs=0; would_skip_refs=0
C:\Users\oswaldo.rivera\FIRPLAK SA\FIRPLAK - I+D - Documentos\Documentos técnicos productos\Proyecto IA - Documentacion automatica\Isometricos\Muebles VBAN\Mueble elevado Greco class LVM 79x48.svg,Mueble elevado Greco class LVM 79x48,ELEVADO,Greco,79X48,NA,CLASS,NA,3,c0c0f060-25bf-4895-a954-3718ebf5fb4b,BAN22,0006,,,WOULD_APPLY,mode=extended_base_single_accessory; would_update_refs=3; would_overwrite_refs=0; would_skip_refs=0
C:\Users\oswaldo.rivera\FIRPLAK SA\FIRPLAK - I+D - Documentos\Documentos técnicos productos\Proyecto IA - Documentacion automatica\Isometricos\Muebles VBAN\Mueble elevado Greco class LVM 94x48.svg,Mueble elevado Greco class LVM 94x48,ELEVADO,Greco,94X48,NA,CLASS,NA,2,930d2fb7-18b0-451b-a78b-a5be8c58e901,BAN22,0007,,,WOULD_APPLY,mode=extended_base_single_accessory; would_update_refs=2; would_overwrite_refs=0; would_skip_refs=0
C:\Users\oswaldo.rivera\FIRPLAK SA\FIRPLAK - I+D - Documentos\Documentos técnicos productos\Proyecto IA - Documentacion automatica\Isometricos\Muebles VBAN\Mueble elevado Greco LVM 124X48.svg,Mueble elevado Greco LVM 124X48,ELEVADO,Greco,124X48,NA,NA,NA,3,0b06220d-55ff-4320-9061-92cffd44cf45,BAN12,0011,,,WOULD_APPLY,mode=special_label_base_single_accessory; would_update_refs=3; would_overwrite_refs=3; would_skip_refs=0
C:\Users\oswaldo.rivera\FIRPLAK SA\FIRPLAK - I+D - Documentos\Documentos técnicos productos\Proyecto IA - Documentacion automatica\Isometricos\Muebles VBAN\Mueble elevado Macao class  LVM 124X48.svg,Mueble elevado Macao class  LVM 124X48,ELEVADO,Macao,124X48,NA,CLASS,NA,4,fc2843f7-0852-4ccb-91ac-f6e336717adb,BAN12,0037,,,WOULD_APPLY,mode=extended_base_single_accessory; would_update_refs=4; would_overwrite_refs=0; would_skip_refs=0
C:\Users\oswaldo.rivera\FIRPLAK SA\FIRPLAK - I+D - Documentos\Documentos técnicos productos\Proyecto IA - Documentacion automatica\Isometricos\Muebles VBAN\Mueble elevado Macao class LVM 155X48.svg,Mueble elevado Macao class LVM 155X48,ELEVADO,Macao,155X48,NA,CLASS,NA,1,4a643446-9a11-4fb3-9668-b17286ee10b3,BAN12,0084,,,WOULD_APPLY,mode=extended_base_single_accessory; would_update_refs=1; would_overwrite_refs=0; would_skip_refs=0
C:\Users\oswaldo.rivera\FIRPLAK SA\FIRPLAK - I+D - Documentos\Documentos técnicos productos\Proyecto IA - Documentacion automatica\Isometricos\Muebles VBAN\Mueble elevado Macao class LVM 48x43.svg,Mueble elevado Macao class LVM 48x43,ELEVADO,Macao,48X43,NA,CLASS,NA,3,481c754a-163a-453b-b5ed-f63dd48419d9,BAN12,0081,,,WOULD_APPLY,mode=extended_base_single_accessory; would_update_refs=3; would_overwrite_refs=0; would_skip_refs=0
C:\Users\oswaldo.rivera\FIRPLAK SA\FIRPLAK - I+D - Documentos\Documentos técnicos productos\Proyecto IA - Documentacion automatica\Isometricos\Muebles VBAN\Mueble elevado Macao class LVM 63X48.svg,Mueble elevado Macao class LVM 63X48,ELEVADO,Macao,63X48,NA,CLASS,NA,6,542cd0e2-2fbf-40a2-af18-f75e78e91fee,BAN12,0010,,,WOULD_APPLY,mode=extended_base_single_accessory; would_update_refs=6; would_overwrite_refs=2; would_skip_refs=0
C:\Users\oswaldo.rivera\FIRPLAK SA\FIRPLAK - I+D - Documentos\Documentos técnicos productos\Proyecto IA - Documentacion automatica\Isometricos\Muebles VBAN\Mueble elevado Macao class LVM 79x48.svg,Mueble elevado Macao class LVM 79x48,ELEVADO,Macao,79X48,NA,CLASS,NA,4,29390187-1b01-41ba-ae36-bfeb8070b0b3,BAN12,0035,,,WOULD_APPLY,mode=extended_base_single_accessory; would_update_refs=4; would_overwrite_refs=4; would_skip_refs=0
C:\Users\oswaldo.rivera\FIRPLAK SA\FIRPLAK - I+D - Documentos\Documentos técnicos productos\Proyecto IA - Documentacion automatica\Isometricos\Muebles VBAN\Mueble elevado Macao class LVM 94X48.svg,Mueble elevado Macao class LVM 94X48,ELEVADO,Macao,94X48,NA,CLASS,NA,3,ef253218-f662-4d3f-b704-1fd56fe95a96,BAN12,0036,,,WOULD_APPLY,mode=extended_base_single_accessory; would_update_refs=3; would_overwrite_refs=0; would_skip_refs=0
C:\Users\oswaldo.rivera\FIRPLAK SA\FIRPLAK - I+D - Documentos\Documentos técnicos productos\Proyecto IA - Documentacion automatica\Isometricos\Muebles VBAN\Mueble elevado Macao life  LVM 63X48.svg,Mueble elevado Macao life  LVM 63X48,ELEVADO,Macao,63X48,NA,LIFE,NA,1,7042f78f-1f84-45ba-8003-8aa634c16bd5,BAN05,0124,,,WOULD_APPLY,mode=strict; would_update_refs=1; would_overwrite_refs=1; would_skip_refs=0
C:\Users\oswaldo.rivera\FIRPLAK SA\FIRPLAK - I+D - Documentos\Documentos técnicos productos\Proyecto IA - Documentacion automatica\Isometricos\Muebles VBAN\Mueble elevado Macao life LVM 48x43.svg,Mueble elevado Macao life LVM 48x43,ELEVADO,Macao,48X43,NA,LIFE,NA,1,ef8d895e-d116-42ab-bc30-27a2eda1ee71,BAN05,0127,,,WOULD_APPLY,mode=extended_base_single_accessory; would_update_refs=1; would_overwrite_refs=1; would_skip_refs=0
C:\Users\oswaldo.rivera\FIRPLAK SA\FIRPLAK - I+D - Documentos\Documentos técnicos productos\Proyecto IA - Documentacion automatica\Isometricos\Muebles VBAN\Mueble elevado Macao life LVM 63X48.svg,Mueble elevado Macao life LVM 63X48,ELEVADO,Macao,63X48,NA,LIFE,NA,1,7042f78f-1f84-45ba-8003-8aa634c16bd5,BAN05,0124,,,WOULD_APPLY,mode=strict; would_update_refs=1; would_overwrite_refs=1; would_skip_refs=0
C:\Users\oswaldo.rivera\FIRPLAK SA\FIRPLAK - I+D - Documentos\Documentos técnicos productos\Proyecto IA - Documentacion automatica\Isometricos\Muebles VBAN\Mueble elevado Macao life LVM 79X48.svg,Mueble elevado Macao life LVM 79X48,ELEVADO,Macao,79X48,NA,LIFE,NA,2,3b055839-6b8e-482b-9f5f-c5f4e9edce19,BAN05,0077,,,WOULD_APPLY,mode=extended_base_single_accessory; would_update_refs=2; would_overwrite_refs=2; would_skip_refs=0
C:\Users\oswaldo.rivera\FIRPLAK SA\FIRPLAK - I+D - Documentos\Documentos técnicos productos\Proyecto IA - Documentacion automatica\Isometricos\Muebles VBAN\Mueble elevado Misus class LVM 63x48.svg,Mueble elevado Misus class LVM 63x48,ELEVADO,Misus,63X48,NA,CLASS,NA,4,f4fb0813-3120-4b5d-aff0-19804d747a23,BAN12,0088,,,WOULD_APPLY,mode=extended_base_ambiguous; would_update_refs=4; would_overwrite_refs=1; would_skip_refs=0
C:\Users\oswaldo.rivera\FIRPLAK SA\FIRPLAK - I+D - Documentos\Documentos técnicos productos\Proyecto IA - Documentacion automatica\Isometricos\Muebles VBAN\Mueble elevado Misus class LVM 79x48.svg,Mueble elevado Misus class LVM 79x48,ELEVADO,Misus,79X48,NA,CLASS,NA,4,6eafc037-9f99-44eb-aee2-9fa5dac87e88,BAN12,0089,,,WOULD_APPLY,mode=extended_base_ambiguous; would_update_refs=4; would_overwrite_refs=1; would_skip_refs=0
C:\Users\oswaldo.rivera\FIRPLAK SA\FIRPLAK - I+D - Documentos\Documentos técnicos productos\Proyecto IA - Documentacion automatica\Isometricos\Muebles VBAN\Mueble elevado Misus class LVM 94x48.svg,Mueble elevado Misus class LVM 94x48,ELEVADO,Misus,94X48,NA,CLASS,NA,2,96aca956-bfa4-4ab9-b101-4724211cdbf2,BAN12,0090,,,WOULD_APPLY,mode=extended_base_ambiguous; would_update_refs=2; would_overwrite_refs=0; would_skip_refs=0
C:\Users\oswaldo.rivera\FIRPLAK SA\FIRPLAK - I+D - Documentos\Documentos técnicos productos\Proyecto IA - Documentacion automatica\Isometricos\Muebles VBAN\Mueble elevado Misus life LVM 79x48.svg,Mueble elevado Misus life LVM 79x48,ELEVADO,Misus,79X48,NA,LIFE,NA,1,dd0b78fe-2d72-4de5-8247-2ba3e607c8dc,BAN05,0114,,,WOULD_APPLY,mode=extended_base_single_accessory; would_update_refs=1; would_overwrite_refs=1; would_skip_refs=0
C:\Users\oswaldo.rivera\FIRPLAK SA\FIRPLAK - I+D - Documentos\Documentos técnicos productos\Proyecto IA - Documentacion automatica\Isometricos\Muebles VBAN\Mueble elevado Monet LVM 63X48.svg,Mueble elevado Monet LVM 63X48,ELEVADO,Monet,63X48,NA,NA,NA,7,6c68f441-5b4e-4134-9ef1-39ff0e00829a,BAN23,0110,,,WOULD_APPLY,mode=special_label_base_single_accessory; would_update_refs=7; would_overwrite_refs=6; would_skip_refs=0
C:\Users\oswaldo.rivera\FIRPLAK SA\FIRPLAK - I+D - Documentos\Documentos técnicos productos\Proyecto IA - Documentacion automatica\Isometricos\Muebles VBAN\Mueble elevado Picasso Life LVM 63x48 Manija Negra 520.svg,Mueble elevado Picasso Life LVM 63x48 Manija Negra 520,ELEVADO,Picasso,63X48,Manija Negra 520,LIFE,NA,2,e94d9b9d-500a-4eb0-9e8f-3a72f988b43d,BAN05,0130,,,WOULD_APPLY,mode=extended_base_single_accessory; would_update_refs=2; would_overwrite_refs=1; would_skip_refs=0
C:\Users\oswaldo.rivera\FIRPLAK SA\FIRPLAK - I+D - Documentos\Documentos técnicos productos\Proyecto IA - Documentacion automatica\Isometricos\Muebles VBAN\Mueble elevado Picasso life LVM 63X48.svg,Mueble elevado Picasso life LVM 63X48,ELEVADO,Picasso,63X48,NA,LIFE,NA,2,e94d9b9d-500a-4eb0-9e8f-3a72f988b43d,BAN05,0130,,,WOULD_APPLY,mode=extended_base_single_accessory; would_update_refs=2; would_overwrite_refs=1; would_skip_refs=0
C:\Users\oswaldo.rivera\FIRPLAK SA\FIRPLAK - I+D - Documentos\Documentos técnicos productos\Proyecto IA - Documentacion automatica\Isometricos\Muebles VBAN\Mueble elevado Polock  LVM 48X38.svg,Mueble elevado Polock  LVM 48X38,ELEVADO,Polock,48X38,NA,NA,NA,1,a01ab1ff-9d04-442c-9027-803e99402ca8,BAN05,0128,,,WOULD_APPLY,mode=special_label_base_single_accessory; would_update_refs=1; would_overwrite_refs=1; would_skip_refs=0
C:\Users\oswaldo.rivera\FIRPLAK SA\FIRPLAK - I+D - Documentos\Documentos técnicos productos\Proyecto IA - Documentacion automatica\Isometricos\Muebles VBAN\Mueble elevado Polock LVM 48X38.svg,Mueble elevado Polock LVM 48X38,ELEVADO,Polock,48X38,NA,NA,NA,1,a01ab1ff-9d04-442c-9027-803e99402ca8,BAN05,0128,,,WOULD_APPLY,mode=special_label_base_single_accessory; would_update_refs=1; would_overwrite_refs=1; would_skip_refs=0
C:\Users\oswaldo.rivera\FIRPLAK SA\FIRPLAK - I+D - Documentos\Documentos técnicos productos\Proyecto IA - Documentacion automatica\Isometricos\Muebles VBAN\Mueble elevado Polock LVM 48X43.svg,Mueble elevado Polock LVM 48X43,ELEVADO,Polock,48X43,NA,NA,NA,2,66863771-00d0-4c37-9d79-490de6a99e18,BAN05,0126,,,WOULD_APPLY,mode=special_label_base_single_accessory; would_update_refs=2; would_overwrite_refs=1; would_skip_refs=0
C:\Users\oswaldo.rivera\FIRPLAK SA\FIRPLAK - I+D - Documentos\Documentos técnicos productos\Proyecto IA - Documentacion automatica\Isometricos\Muebles VBAN\Mueble elevado Polock LVM 63X48.svg,Mueble elevado Polock LVM 63X48,ELEVADO,Polock,63X48,NA,NA,NA,1,f4eb5946-83be-469c-8fa3-616c5eb07723,BAN05,0140,,,WOULD_APPLY,mode=special_label_base_single_accessory; would_update_refs=1; would_overwrite_refs=1; would_skip_refs=0
C:\Users\oswaldo.rivera\FIRPLAK SA\FIRPLAK - I+D - Documentos\Documentos técnicos productos\Proyecto IA - Documentacion automatica\Isometricos\Muebles VBAN\Mueble elevado Rayo LVM 40X30.svg,Mueble elevado Rayo LVM 40X30,ELEVADO,Rayo,40X30,NA,NA,NA,3,980a3f04-cc31-453d-9b0e-e28b802d794d,BAN05,0091,,,WOULD_APPLY,mode=special_label_base_single_accessory; would_update_refs=3; would_overwrite_refs=3; would_skip_refs=0
C:\Users\oswaldo.rivera\FIRPLAK SA\FIRPLAK - I+D - Documentos\Documentos técnicos productos\Proyecto IA - Documentacion automatica\Isometricos\Muebles VBAN\Mueble elevado Rayo LVM 48X38.svg,Mueble elevado Rayo LVM 48X38,ELEVADO,Rayo,48X38,NA,NA,NA,4,aa63701e-b19a-49ab-8cc9-7bd674175531,BAN05,0104,,,WOULD_APPLY,mode=special_label_base_single_accessory; would_update_refs=4; would_overwrite_refs=4; would_skip_refs=0
C:\Users\oswaldo.rivera\FIRPLAK SA\FIRPLAK - I+D - Documentos\Documentos técnicos productos\Proyecto IA - Documentacion automatica\Isometricos\Muebles VBAN\Mueble elevado Rayo LVM 48x43.svg,Mueble elevado Rayo LVM 48x43,ELEVADO,Rayo,48X43,NA,NA,NA,2,6d038660-fc9a-444e-9eba-6434a935a9a8,BAN05,0105,,,WOULD_APPLY,mode=special_label_base_single_accessory; would_update_refs=2; would_overwrite_refs=2; would_skip_refs=0
C:\Users\oswaldo.rivera\FIRPLAK SA\FIRPLAK - I+D - Documentos\Documentos técnicos productos\Proyecto IA - Documentacion automatica\Isometricos\Muebles VBAN\Mueble elevado Rayo LVM 63x48.svg,Mueble elevado Rayo LVM 63x48,ELEVADO,Rayo,63X48,NA,NA,NA,2,268178d2-3817-4ef6-ac9e-57cb9a3254ab,BAN05,0103,,,WOULD_APPLY,mode=special_label_base_single_accessory; would_update_refs=2; would_overwrite_refs=2; would_skip_refs=0
C:\Users\oswaldo.rivera\FIRPLAK SA\FIRPLAK - I+D - Documentos\Documentos técnicos productos\Proyecto IA - Documentacion automatica\Isometricos\Muebles VBAN\Mueble elevado Thalos class LVM  79X48.svg,Mueble elevado Thalos class LVM  79X48,ELEVADO,Thalos,79X48,NA,CLASS,NA,3,d1e86b11-afb8-450d-8582-c78cd00bf5e5,BAN12,0125,,,WOULD_APPLY,mode=extended_base_single_accessory; would_update_refs=3; would_overwrite_refs=0; would_skip_refs=0
C:\Users\oswaldo.rivera\FIRPLAK SA\FIRPLAK - I+D - Documentos\Documentos técnicos productos\Proyecto IA - Documentacion automatica\Isometricos\Muebles VBAN\Mueble elevado Tiziano LVM 124X48.svg,Mueble elevado Tiziano LVM 124X48,ELEVADO,Tiziano,124X48,NA,NA,NA,3,58b92409-2ffe-4f97-a3ba-dc65c706e37c,BAN05,0098,,,WOULD_APPLY,mode=special_label_base_single_accessory; would_update_refs=3; would_overwrite_refs=3; would_skip_refs=0
C:\Users\oswaldo.rivera\FIRPLAK SA\FIRPLAK - I+D - Documentos\Documentos técnicos productos\Proyecto IA - Documentacion automatica\Isometricos\Muebles VBAN\Mueble elevado Tiziano LVM 63x48.svg,Mueble elevado Tiziano LVM 63x48,ELEVADO,Tiziano,63X48,NA,NA,NA,3,b26a8d75-138c-409c-aac4-f74073a3399b,BAN05,0089,,,WOULD_APPLY,mode=special_label_base_single_accessory; would_update_refs=3; would_overwrite_refs=2; would_skip_refs=0
C:\Users\oswaldo.rivera\FIRPLAK SA\FIRPLAK - I+D - Documentos\Documentos técnicos productos\Proyecto IA - Documentacion automatica\Isometricos\Muebles VBAN\Mueble elevado Tiziano LVM 79X48.svg,Mueble elevado Tiziano LVM 79X48,ELEVADO,Tiziano,79X48,NA,NA,NA,3,d7fa12fa-9580-4bc4-becb-f7c2558b7f8c,BAN05,0019,,,WOULD_APPLY,mode=special_label_base_single_accessory; would_update_refs=3; would_overwrite_refs=2; would_skip_refs=0
C:\Users\oswaldo.rivera\FIRPLAK SA\FIRPLAK - I+D - Documentos\Documentos técnicos productos\Proyecto IA - Documentacion automatica\Isometricos\Muebles VBAN\Mueble elevado Tiziano LVM 94X48.svg,Mueble elevado Tiziano LVM 94X48,ELEVADO,Tiziano,94X48,NA,NA,NA,3,0dcb5c55-d3be-464e-a889-6d966860ca97,BAN05,0062,,,WOULD_APPLY,mode=special_label_base_single_accessory; would_update_refs=3; would_overwrite_refs=2; would_skip_refs=0
C:\Users\oswaldo.rivera\FIRPLAK SA\FIRPLAK - I+D - Documentos\Documentos técnicos productos\Proyecto IA - Documentacion automatica\Isometricos\Muebles VBAN\Mueble elevado tucano 79X48.svg,Mueble elevado tucano 79X48,ELEVADO,tucano,79X48,NA,NA,NA,1,d6b01c58-f27c-4e27-9a45-1247d92fe67b,BAN05,0144,,,WOULD_APPLY,mode=special_label_base_single_accessory; would_update_refs=1; would_overwrite_refs=1; would_skip_refs=0
C:\Users\oswaldo.rivera\FIRPLAK SA\FIRPLAK - I+D - Documentos\Documentos técnicos productos\Proyecto IA - Documentacion automatica\Isometricos\Muebles VBAN\Mueble elevado Tucano LVM 63x48.svg,Mueble elevado Tucano LVM 63x48,ELEVADO,Tucano,63X48,NA,NA,NA,1,65cc26e7-dca1-461e-a947-9ed59b99371f,BAN05,0143,,,WOULD_APPLY,mode=special_label_base_single_accessory; would_update_refs=1; would_overwrite_refs=1; would_skip_refs=0
C:\Users\oswaldo.rivera\FIRPLAK SA\FIRPLAK - I+D - Documentos\Documentos técnicos productos\Proyecto IA - Documentacion automatica\Isometricos\Muebles VBAN\Mueble elevado Valdez LVM 48X43.svg,Mueble elevado Valdez LVM 48X43,ELEVADO,Valdez,48X43,NA,NA,NA,4,b15cecb8-ac95-48bc-8126-95d49219291a,BAN05,0051,,,WOULD_APPLY,mode=special_label_base_single_accessory; would_update_refs=4; would_overwrite_refs=2; would_skip_refs=0
C:\Users\oswaldo.rivera\FIRPLAK SA\FIRPLAK - I+D - Documentos\Documentos técnicos productos\Proyecto IA - Documentacion automatica\Isometricos\Muebles VBAN\Mueble elevado Van Gogh LVM 63X38.svg,Mueble elevado Van Gogh LVM 63X38,ELEVADO,VAN GOGH,63X38,NA,NA,NA,0,,,,,,NO_MATCH,raw_parts=Mueble elevado Van Gogh LVM | 63X38 | 
C:\Users\oswaldo.rivera\FIRPLAK SA\FIRPLAK - I+D - Documentos\Documentos técnicos productos\Proyecto IA - Documentacion automatica\Isometricos\Muebles VBAN\Mueble elevado Viteli LVM 124x48.svg,Mueble elevado Viteli LVM 124x48,ELEVADO,Viteli,124X48,NA,NA,NA,3,c4f366d6-a122-48c1-b1eb-b15cffe2a0ea,BAN12,0055,,,WOULD_APPLY,mode=special_label_base_single_accessory; would_update_refs=3; would_overwrite_refs=0; would_skip_refs=0
C:\Users\oswaldo.rivera\FIRPLAK SA\FIRPLAK - I+D - Documentos\Documentos técnicos productos\Proyecto IA - Documentacion automatica\Isometricos\Muebles VBAN\Mueble elevado Viteli LVM 63X48.svg,Mueble elevado Viteli LVM 63X48,ELEVADO,Viteli,63X48,NA,NA,NA,3,b9849d49-e1e4-4c5e-b4c3-b58e7f601e2d,BAN12,0031,,,WOULD_APPLY,mode=special_label_base_single_accessory; would_update_refs=3; would_overwrite_refs=0; would_skip_refs=0
C:\Users\oswaldo.rivera\FIRPLAK SA\FIRPLAK - I+D - Documentos\Documentos técnicos productos\Proyecto IA - Documentacion automatica\Isometricos\Muebles VBAN\Mueble elevado Viteli LVM 79x48.svg,Mueble elevado Viteli LVM 79x48,ELEVADO,Viteli,79X48,NA,NA,NA,3,8067bf37-6fce-41c2-8755-d3427fa7da00,BAN12,0032,,,WOULD_APPLY,mode=special_label_base_single_accessory; would_update_refs=3; would_overwrite_refs=1; would_skip_refs=0
C:\Users\oswaldo.rivera\FIRPLAK SA\FIRPLAK - I+D - Documentos\Documentos técnicos productos\Proyecto IA - Documentacion automatica\Isometricos\Muebles VBAN\Mueble elevado Viteli LVM 94x48.svg,Mueble elevado Viteli LVM 94x48,ELEVADO,Viteli,94X48,NA,NA,NA,2,a83f9d6a-a35a-4b7f-993c-bdf491848c35,BAN12,0033,,,WOULD_APPLY,mode=special_label_base_single_accessory; would_update_refs=2; would_overwrite_refs=0; would_skip_refs=0
C:\Users\oswaldo.rivera\FIRPLAK SA\FIRPLAK - I+D - Documentos\Documentos técnicos productos\Proyecto IA - Documentacion automatica\Isometricos\Muebles VBAN\Mueble elevado Zacura LVM 63X48.svg,Mueble elevado Zacura LVM 63X48,ELEVADO,Zacura,63X48,NA,NA,NA,2,0b7955d2-f29c-469c-8c0d-a644a6fbf35e,BAN12,0091,,,WOULD_APPLY,mode=special_label_base_single_accessory; would_update_refs=2; would_overwrite_refs=0; would_skip_refs=0
C:\Users\oswaldo.rivera\FIRPLAK SA\FIRPLAK - I+D - Documentos\Documentos técnicos productos\Proyecto IA - Documentacion automatica\Isometricos\Muebles VBAN\Mueble soporte Godai LVM 48X43.svg,Mueble soporte Godai LVM 48X43,SOPORTE,Godai,48X43,NA,NA,NA,3,1ee22a1e-a056-43fd-9622-3a3fbe8710ce,BAN12,0041,,,WOULD_APPLY,mode=special_label_base_single_accessory; would_update_refs=3; would_overwrite_refs=0; would_skip_refs=0
C:\Users\oswaldo.rivera\FIRPLAK SA\FIRPLAK - I+D - Documentos\Documentos técnicos productos\Proyecto IA - Documentacion automatica\Isometricos\Muebles VBAN\Mueble soporte y estructura Godai LVM 63x48.svg,Mueble soporte y estructura Godai LVM 63x48,SOPORTE Y ESTRUCTURA,Godai,63X48,NA,NA,NA,3,f3642540-66f2-4889-a525-4ef3fe2862a7,BAN12,0044,,,WOULD_APPLY,mode=special_label_base_single_accessory; would_update_refs=3; would_overwrite_refs=0; would_skip_refs=0
C:\Users\oswaldo.rivera\FIRPLAK SA\FIRPLAK - I+D - Documentos\Documentos técnicos productos\Proyecto IA - Documentacion automatica\Isometricos\Muebles VBAN\Mueble soporte y estructura Godai LVM 79X48.svg,Mueble soporte y estructura Godai LVM 79X48,SOPORTE Y ESTRUCTURA,Godai,79X48,NA,NA,NA,3,84e8e0d6-3673-4d89-a2cc-76c60e4c3f64,BAN12,0050,,,WOULD_APPLY,mode=special_label_base_single_accessory; would_update_refs=3; would_overwrite_refs=0; would_skip_refs=0
C:\Users\oswaldo.rivera\FIRPLAK SA\FIRPLAK - I+D - Documentos\Documentos técnicos productos\Proyecto IA - Documentacion automatica\Isometricos\Muebles VBAN\Mueble tapa Vessel LVM 63X48.svg,Mueble tapa Vessel LVM 63X48,NA,Vessel,63X48,NA,NA,NA,1,6cf7bb72-0685-4908-85ba-7e680e894a69,BAN31,0001,,,WOULD_APPLY,mode=strict; would_update_refs=1; would_overwrite_refs=0; would_skip_refs=0